phageai_fasta_name,phageai_predicted_lifestyle,phageai_prediction_accuracy,phageai_gc,phageai_sequence_length,fasta_name,phatyp_Accession,phatyp_Length,phatyp_Pred,phatyp_Score
GCA_028515195.1,Temperate,72.6,39.95,53751,GCA_028515195.1,OQ101259.1,53751.0,temperate,0.9916208
GCA_027582695.1,Temperate,84.23,38.59,50929,GCA_027582695.1,MZ675741.1,50929.0,temperate,0.914143
GCA_028515145.1,Temperate,79.55,40.27,67052,GCA_028515145.1,OQ101254.1,67052.0,temperate,0.50260854
GCA_014656645.1,Temperate,87.7,38.86,50916,GCA_014656645.1,MT361972.1,50916.0,temperate,0.99891245
GCA_002605545.1,Temperate,90.8,39.83,47575,GCA_002605545.1,KP861230.1,47575.0,temperate,0.9997983
GCA_028514995.1,Temperate,78.76,40.06,55181,GCA_028514995.1,OQ101248.1,55181.0,temperate,0.999713
GCA_004989725.1,Temperate,86.61,40.17,52031,GCA_004989725.1,MH115576.1,52031.0,temperate,0.9842462
GCA_028515085.1,Temperate,93.89,39.43,32415,GCA_028515085.1,OQ101253.1,32415.0,temperate,0.5752444
